{
    "trans_id": "0199a9030c877761b511de4c27c78fc9",
    "routes": [
        {
            "result_code": 0,
            "result_msg": "길찾기 성공",
            "summary": {
                "origin": {
                    "name": "",
                    "x": 127.0768757426751,
                    "y": 37.63193479730119
                },
                "destination": {
                    "name": "",
                    "x": 127.07598670445203,
                    "y": 37.63145028780559
                },
                "waypoints": [],
                "priority": "TIME",
                "bound": {
                    "min_x": 127.07568809048384,
                    "min_y": 37.630862273822686,
                    "max_x": 127.0768757426751,
                    "max_y": 37.63193479730119
                },
                "fare": {
                    "taxi": 4800,
                    "toll": 0
                },
                "distance": 247,
                "duration": 56
            },
            "sections": [
                {
                    "distance": 247,
                    "duration": 56,
                    "bound": {
                        "min_x": 127.07568574717138,
                        "min_y": 37.63086874931943,
                        "max_x": 127.0768757426751,
                        "max_y": 37.63193479730119
                    },
                    "roads": [
                        {
                            "name": "",
                            "distance": 122,
                            "duration": 28,
                            "traffic_speed": 16.0,
                            "traffic_state": 0,
                            "vertexes": [
                                127.0768757426751,
                                37.63193479730119,
                                127.07673371108622,
                                37.63151019787929,
                                127.07651505822457,
                                37.63086874931943
                            ]
                        },
                        {
                            "name": "",
                            "distance": 125,
                            "duration": 28,
                            "traffic_speed": 16.0,
                            "traffic_state": 0,
                            "vertexes": [
                                127.07651505822457,
                                37.63086874931943,
                                127.07571995539328,
                                37.631033720768684,
                                127.07568574717138,
                                37.63105147355878,
                                127.07582766038101,
                                37.6314850836955
                            ]
                        }
                    ],
                    "guides": [
                        {
                            "name": "출발지",
                            "x": 127.0768757426751,
                            "y": 37.63193479730119,
                            "distance": 0,
                            "duration": 0,
                            "type": 100,
                            "guidance": "출발지",
                            "road_index": 0
                        },
                        {
                            "name": "",
                            "x": 127.07651505822457,
                            "y": 37.63086874931943,
                            "distance": 122,
                            "duration": 28,
                            "type": 2,
                            "guidance": "우회전",
                            "road_index": 1
                        },
                        {
                            "name": "목적지",
                            "x": 127.07582766038101,
                            "y": 37.6314850836955,
                            "distance": 125,
                            "duration": 28,
                            "type": 101,
                            "guidance": "목적지",
                            "road_index": -1
                        }
                    ]
                }
            ]
        }
    ],
    "all_points": [
        {
            "lat": 37.63193479730119,
            "lng": 127.0768757426751
        },
        {
            "lat": 37.63151019787929,
            "lng": 127.07673371108622
        },
        {
            "lat": 37.63086874931943,
            "lng": 127.07651505822457
        },
        {
            "lat": 37.63086874931943,
            "lng": 127.07651505822457
        },
        {
            "lat": 37.631033720768684,
            "lng": 127.07571995539328
        },
        {
            "lat": 37.63105147355878,
            "lng": 127.07568574717138
        },
        {
            "lat": 37.6314850836955,
            "lng": 127.07582766038101
        }
    ]
}